route,airline,scrape_date,travel_date,advance_days,base_fare,tax,total_fare
DEL-BOM,Air India,2026-09-09,2026-09-10,1,,,6314
DEL-BOM,IndiGo,2026-09-09,2026-09-10,1,,,6425
DEL-BOM,Akasa Air,2026-09-09,2026-09-10,1,,,6880
DEL-BOM,IndiGo,2026-09-09,2026-09-10,1,,,6117
DEL-BOM,IndiGo,2026-09-09,2026-09-10,1,,,6117
DEL-BOM,Air India,2026-09-09,2026-09-10,1,,,6314
DEL-BOM,IndiGo,2026-09-09,2026-09-10,1,,,6425
DEL-BOM,IndiGo,2026-09-09,2026-09-10,1,,,6425
DEL-BOM,IndiGo,2026-09-09,2026-09-10,1,,,6425
DEL-BOM,IndiGo,2026-09-09,2026-09-10,1,,,6425
DEL-BOM,IndiGo,2026-09-09,2026-09-10,1,,,6425
DEL-BOM,IndiGo,2026-09-09,2026-09-10,1,,,6425
DEL-BOM,Air India,2026-09-09,2026-09-10,1,,,6582
DEL-BOM,Air India,2026-09-09,2026-09-10,1,,,6582
DEL-BOM,Air India,2026-09-09,2026-09-10,1,,,6582
DEL-BOM,Air India,2026-09-09,2026-09-10,1,,,6582
DEL-BOM,Air India,2026-09-09,2026-09-10,1,,,6582
DEL-BOM,Air India,2026-09-09,2026-09-10,1,,,6582
DEL-BOM,IndiGo,2026-09-09,2026-09-10,1,,,6583
DEL-BOM,IndiGo,2026-09-09,2026-09-10,1,,,6583
DEL-BOM,IndiGo,2026-09-09,2026-09-10,1,,,6583
DEL-BOM,IndiGo,2026-09-09,2026-09-10,1,,,6583
DEL-BOM,IndiGo,2026-09-09,2026-09-10,1,,,6583
DEL-BOM,IndiGo,2026-09-09,2026-09-10,1,,,6583
DEL-BOM,IndiGo,2026-09-09,2026-09-10,1,,,6583
DEL-BOM,IndiGo,2026-09-09,2026-09-10,1,,,6583
DEL-BOM,Air India,2026-09-09,2026-09-10,1,,,6740
DEL-BOM,Air India,2026-09-09,2026-09-10,1,,,6740
DEL-BOM,Air India,2026-09-09,2026-09-10,1,,,6740
DEL-BOM,Air India,2026-09-09,2026-09-10,1,,,6779
DEL-BOM,Air India,2026-09-09,2026-09-10,1,,,6779
DEL-BOM,IndiGo,2026-09-09,2026-09-10,1,,,6793
DEL-BOM,Akasa Air,2026-09-09,2026-09-10,1,,,6880
DEL-BOM,Akasa Air,2026-09-09,2026-09-10,1,,,6880
DEL-BOM,Akasa Air,2026-09-09,2026-09-10,1,,,6880
DEL-BOM,Akasa Air,2026-09-09,2026-09-10,1,,,6880
DEL-BOM,Air India,2026-09-09,2026-09-10,1,,,6950
DEL-BOM,IndiGo,2026-09-09,2026-09-10,1,,,7055
DEL-BOM,IndiGo,2026-09-09,2026-09-10,1,,,7055
DEL-BOM,Air India,2026-09-09,2026-09-10,1,,,7212
DEL-BOM,Air India,2026-09-09,2026-09-10,1,,,7212
DEL-BOM,Air India,2026-09-09,2026-09-10,1,,,7212
DEL-BOM,Air India,2026-09-09,2026-09-10,1,,,7212
DEL-BOM,Akasa Air,2026-09-09,2026-09-10,1,,,7453
DEL-BOM,Akasa Air,2026-09-09,2026-09-10,1,,,7716
DEL-BOM,Air India,2026-09-09,2026-09-10,1,,,7779
DEL-BOM,Air India,2026-09-09,2026-09-10,1,,,8698
DEL-BOM,Akasa Air,2026-09-09,2026-09-10,1,,,8720
DEL-BOM,Air India,2026-09-09,2026-09-10,1,,,9569
DEL-BOM,Air India,2026-09-09,2026-09-10,1,,,9968
DEL-BOM,Air India,2026-09-09,2026-09-10,1,,,9968
DEL-BOM,Air India,2026-09-09,2026-09-10,1,,,10409
DEL-BOM,Air India,2026-09-09,2026-09-10,1,,,12887
DEL-BOM,Air India,2026-09-09,2026-09-10,1,,,12887
DEL-BOM,IndiGo,2026-09-09,2026-09-10,1,,,17083
DEL-BOM,IndiGo,2026-09-09,2026-09-10,1,,,19498
DEL-BOM,IndiGo,2026-09-09,2026-09-10,1,,,19498
DEL-BOM,SpiceJet,2026-09-09,2026-09-10,1,,,19603
DEL-BOM,IndiGo,2026-09-09,2026-09-10,1,,,22648
DEL-BOM,Air India,2026-09-09,2026-09-10,1,,,6314
DEL-BOM,IndiGo,2026-09-09,2026-09-10,1,,,6425
DEL-BOM,Akasa Air,2026-09-09,2026-09-10,1,,,6880
DEL-BOM,IndiGo,2026-09-09,2026-09-10,1,,,6117
DEL-BOM,IndiGo,2026-09-09,2026-09-10,1,,,6117
DEL-BOM,Air India,2026-09-09,2026-09-10,1,,,6314
DEL-BOM,IndiGo,2026-09-09,2026-09-10,1,,,6425
DEL-BOM,IndiGo,2026-09-09,2026-09-10,1,,,6425
DEL-BOM,IndiGo,2026-09-09,2026-09-10,1,,,6425
DEL-BOM,IndiGo,2026-09-09,2026-09-10,1,,,6425
DEL-BOM,IndiGo,2026-09-09,2026-09-10,1,,,6425
DEL-BOM,IndiGo,2026-09-09,2026-09-10,1,,,6425
DEL-BOM,Air India,2026-09-09,2026-09-10,1,,,6582
DEL-BOM,Air India,2026-09-09,2026-09-10,1,,,6582
DEL-BOM,Air India,2026-09-09,2026-09-10,1,,,6582
DEL-BOM,Air India,2026-09-09,2026-09-10,1,,,6582
DEL-BOM,Air India,2026-09-09,2026-09-10,1,,,6582
DEL-BOM,Air India,2026-09-09,2026-09-10,1,,,6582
DEL-BOM,IndiGo,2026-09-09,2026-09-10,1,,,6583
DEL-BOM,IndiGo,2026-09-09,2026-09-10,1,,,6583
DEL-BOM,IndiGo,2026-09-09,2026-09-10,1,,,6583
DEL-BOM,IndiGo,2026-09-09,2026-09-10,1,,,6583
DEL-BOM,IndiGo,2026-09-09,2026-09-10,1,,,6583
DEL-BOM,IndiGo,2026-09-09,2026-09-10,1,,,6583
DEL-BOM,IndiGo,2026-09-09,2026-09-10,1,,,6583
DEL-BOM,IndiGo,2026-09-09,2026-09-10,1,,,6583
DEL-BOM,Air India,2026-09-09,2026-09-10,1,,,6740
DEL-BOM,Air India,2026-09-09,2026-09-10,1,,,6740
DEL-BOM,Air India,2026-09-09,2026-09-10,1,,,6740
DEL-BOM,Air India,2026-09-09,2026-09-10,1,,,6779
DEL-BOM,Air India,2026-09-09,2026-09-10,1,,,6779
DEL-BOM,IndiGo,2026-09-09,2026-09-10,1,,,6793
DEL-BOM,Akasa Air,2026-09-09,2026-09-10,1,,,6880
DEL-BOM,Akasa Air,2026-09-09,2026-09-10,1,,,6880
DEL-BOM,Akasa Air,2026-09-09,2026-09-10,1,,,6880
DEL-BOM,Akasa Air,2026-09-09,2026-09-10,1,,,6880
DEL-BOM,Air India,2026-09-09,2026-09-10,1,,,6950
DEL-BOM,IndiGo,2026-09-09,2026-09-10,1,,,7055
DEL-BOM,IndiGo,2026-09-09,2026-09-10,1,,,7055
DEL-BOM,Air India,2026-09-09,2026-09-10,1,,,7212
DEL-BOM,Air India,2026-09-09,2026-09-10,1,,,7212
DEL-BOM,Air India,2026-09-09,2026-09-10,1,,,7212
DEL-BOM,Air India,2026-09-09,2026-09-10,1,,,7212
DEL-BOM,Akasa Air,2026-09-09,2026-09-10,1,,,7453
DEL-BOM,Akasa Air,2026-09-09,2026-09-10,1,,,7716
DEL-BOM,Air India,2026-09-09,2026-09-10,1,,,7779
DEL-BOM,Air India,2026-09-09,2026-09-10,1,,,8698
DEL-BOM,Akasa Air,2026-09-09,2026-09-10,1,,,8720
DEL-BOM,Air India,2026-09-09,2026-09-10,1,,,9569
DEL-BOM,Air India,2026-09-09,2026-09-10,1,,,9968
DEL-BOM,Air India,2026-09-09,2026-09-10,1,,,9968
DEL-BOM,Air India,2026-09-09,2026-09-10,1,,,10409
DEL-BOM,Air India,2026-09-09,2026-09-10,1,,,12887
DEL-BOM,Air India,2026-09-09,2026-09-10,1,,,12887
DEL-BOM,IndiGo,2026-09-09,2026-09-10,1,,,17083
DEL-BOM,IndiGo,2026-09-09,2026-09-10,1,,,19498
DEL-BOM,IndiGo,2026-09-09,2026-09-10,1,,,19498
DEL-BOM,SpiceJet,2026-09-09,2026-09-10,1,,,19603
DEL-BOM,IndiGo,2026-09-09,2026-09-10,1,,,22648
DEL-BOM,Air India,2026-09-09,2026-09-24,15,,,6314
DEL-BOM,IndiGo,2026-09-09,2026-09-24,15,,,6425
DEL-BOM,Akasa Air,2026-09-09,2026-09-24,15,,,6880
DEL-BOM,IndiGo,2026-09-09,2026-09-24,15,,,5985
DEL-BOM,IndiGo,2026-09-09,2026-09-24,15,,,5985
DEL-BOM,IndiGo,2026-09-09,2026-09-24,15,,,5985
DEL-BOM,IndiGo,2026-09-09,2026-09-24,15,,,5985
DEL-BOM,IndiGo,2026-09-09,2026-09-24,15,,,5985
DEL-BOM,IndiGo,2026-09-09,2026-09-24,15,,,5985
DEL-BOM,IndiGo,2026-09-09,2026-09-24,15,,,5985
DEL-BOM,Air India,2026-09-09,2026-09-24,15,,,6314
DEL-BOM,IndiGo,2026-09-09,2026-09-24,15,,,6425
DEL-BOM,IndiGo,2026-09-09,2026-09-24,15,,,6425
DEL-BOM,IndiGo,2026-09-09,2026-09-24,15,,,6425
DEL-BOM,IndiGo,2026-09-09,2026-09-24,15,,,6425
DEL-BOM,IndiGo,2026-09-09,2026-09-24,15,,,6425
DEL-BOM,IndiGo,2026-09-09,2026-09-24,15,,,6425
DEL-BOM,IndiGo,2026-09-09,2026-09-24,15,,,6425
DEL-BOM,IndiGo,2026-09-09,2026-09-24,15,,,6425
DEL-BOM,IndiGo,2026-09-09,2026-09-24,15,,,6425
DEL-BOM,IndiGo,2026-09-09,2026-09-24,15,,,6425
DEL-BOM,IndiGo,2026-09-09,2026-09-24,15,,,6425
DEL-BOM,IndiGo,2026-09-09,2026-09-24,15,,,6425
DEL-BOM,Air India,2026-09-09,2026-09-24,15,,,6582
DEL-BOM,Air India,2026-09-09,2026-09-24,15,,,6582
DEL-BOM,Air India,2026-09-09,2026-09-24,15,,,6582
DEL-BOM,Air India,2026-09-09,2026-09-24,15,,,6582
DEL-BOM,Air India,2026-09-09,2026-09-24,15,,,6582
DEL-BOM,Air India,2026-09-09,2026-09-24,15,,,6582
DEL-BOM,Air India,2026-09-09,2026-09-24,15,,,6582
DEL-BOM,Air India,2026-09-09,2026-09-24,15,,,6582
DEL-BOM,Air India,2026-09-09,2026-09-24,15,,,6582
DEL-BOM,Air India,2026-09-09,2026-09-24,15,,,6582
DEL-BOM,Air India,2026-09-09,2026-09-24,15,,,6582
DEL-BOM,IndiGo,2026-09-09,2026-09-24,15,,,6583
DEL-BOM,IndiGo,2026-09-09,2026-09-24,15,,,6583
DEL-BOM,Air India,2026-09-09,2026-09-24,15,,,6610
DEL-BOM,Air India,2026-09-09,2026-09-24,15,,,6740
DEL-BOM,Air India,2026-09-09,2026-09-24,15,,,6779
DEL-BOM,IndiGo,2026-09-09,2026-09-24,15,,,6793
DEL-BOM,IndiGo,2026-09-09,2026-09-24,15,,,6793
DEL-BOM,IndiGo,2026-09-09,2026-09-24,15,,,6793
DEL-BOM,IndiGo,2026-09-09,2026-09-24,15,,,6793
DEL-BOM,IndiGo,2026-09-09,2026-09-24,15,,,6793
DEL-BOM,Akasa Air,2026-09-09,2026-09-24,15,,,6880
DEL-BOM,Akasa Air,2026-09-09,2026-09-24,15,,,6880
DEL-BOM,Akasa Air,2026-09-09,2026-09-24,15,,,6880
DEL-BOM,Akasa Air,2026-09-09,2026-09-24,15,,,6880
DEL-BOM,Akasa Air,2026-09-09,2026-09-24,15,,,6880
DEL-BOM,Akasa Air,2026-09-09,2026-09-24,15,,,6880
DEL-BOM,Akasa Air,2026-09-09,2026-09-24,15,,,6880
DEL-BOM,Air India,2026-09-09,2026-09-24,15,,,6950
DEL-BOM,Air India,2026-09-09,2026-09-24,15,,,6950
DEL-BOM,Air India,2026-09-09,2026-09-24,15,,,6950
DEL-BOM,Air India,2026-09-09,2026-09-24,15,,,6950
DEL-BOM,Air India,2026-09-09,2026-09-24,15,,,6950
DEL-BOM,Air India,2026-09-09,2026-09-24,15,,,6950
DEL-BOM,IndiGo,2026-09-09,2026-09-24,15,,,7055
DEL-BOM,IndiGo,2026-09-09,2026-09-24,15,,,7055
DEL-BOM,Air India,2026-09-09,2026-09-24,15,,,7123
DEL-BOM,Air India,2026-09-09,2026-09-24,15,,,7181
DEL-BOM,Air India,2026-09-09,2026-09-24,15,,,7238
DEL-BOM,Air India,2026-09-09,2026-09-24,15,,,7349
DEL-BOM,SpiceJet,2026-09-09,2026-09-24,15,,,19603
DEL-BOM,SpiceJet,2026-09-09,2026-09-24,15,,,22551
DEL-BOM,Air India,2026-09-09,2026-09-24,15,,,6314
DEL-BOM,IndiGo,2026-09-09,2026-09-24,15,,,6425
DEL-BOM,Akasa Air,2026-09-09,2026-09-24,15,,,6880
DEL-BOM,IndiGo,2026-09-09,2026-09-24,15,,,5985
DEL-BOM,IndiGo,2026-09-09,2026-09-24,15,,,5985
DEL-BOM,IndiGo,2026-09-09,2026-09-24,15,,,5985
DEL-BOM,IndiGo,2026-09-09,2026-09-24,15,,,5985
DEL-BOM,IndiGo,2026-09-09,2026-09-24,15,,,5985
DEL-BOM,IndiGo,2026-09-09,2026-09-24,15,,,5985
DEL-BOM,IndiGo,2026-09-09,2026-09-24,15,,,5985
DEL-BOM,Air India,2026-09-09,2026-09-24,15,,,6314
DEL-BOM,IndiGo,2026-09-09,2026-09-24,15,,,6425
DEL-BOM,IndiGo,2026-09-09,2026-09-24,15,,,6425
DEL-BOM,IndiGo,2026-09-09,2026-09-24,15,,,6425
DEL-BOM,IndiGo,2026-09-09,2026-09-24,15,,,6425
DEL-BOM,IndiGo,2026-09-09,2026-09-24,15,,,6425
DEL-BOM,IndiGo,2026-09-09,2026-09-24,15,,,6425
DEL-BOM,IndiGo,2026-09-09,2026-09-24,15,,,6425
DEL-BOM,IndiGo,2026-09-09,2026-09-24,15,,,6425
DEL-BOM,IndiGo,2026-09-09,2026-09-24,15,,,6425
DEL-BOM,IndiGo,2026-09-09,2026-09-24,15,,,6425
DEL-BOM,IndiGo,2026-09-09,2026-09-24,15,,,6425
DEL-BOM,IndiGo,2026-09-09,2026-09-24,15,,,6425
DEL-BOM,Air India,2026-09-09,2026-09-24,15,,,6582
DEL-BOM,Air India,2026-09-09,2026-09-24,15,,,6582
DEL-BOM,Air India,2026-09-09,2026-09-24,15,,,6582
DEL-BOM,Air India,2026-09-09,2026-09-24,15,,,6582
DEL-BOM,Air India,2026-09-09,2026-09-24,15,,,6582
DEL-BOM,Air India,2026-09-09,2026-09-24,15,,,6582
DEL-BOM,Air India,2026-09-09,2026-09-24,15,,,6582
DEL-BOM,Air India,2026-09-09,2026-09-24,15,,,6582
DEL-BOM,Air India,2026-09-09,2026-09-24,15,,,6582
DEL-BOM,Air India,2026-09-09,2026-09-24,15,,,6582
DEL-BOM,Air India,2026-09-09,2026-09-24,15,,,6582
DEL-BOM,IndiGo,2026-09-09,2026-09-24,15,,,6583
DEL-BOM,IndiGo,2026-09-09,2026-09-24,15,,,6583
DEL-BOM,Air India,2026-09-09,2026-09-24,15,,,6610
DEL-BOM,Air India,2026-09-09,2026-09-24,15,,,6740
DEL-BOM,Air India,2026-09-09,2026-09-24,15,,,6779
DEL-BOM,IndiGo,2026-09-09,2026-09-24,15,,,6793
DEL-BOM,IndiGo,2026-09-09,2026-09-24,15,,,6793
DEL-BOM,IndiGo,2026-09-09,2026-09-24,15,,,6793
DEL-BOM,IndiGo,2026-09-09,2026-09-24,15,,,6793
DEL-BOM,IndiGo,2026-09-09,2026-09-24,15,,,6793
DEL-BOM,Akasa Air,2026-09-09,2026-09-24,15,,,6880
DEL-BOM,Akasa Air,2026-09-09,2026-09-24,15,,,6880
DEL-BOM,Akasa Air,2026-09-09,2026-09-24,15,,,6880
DEL-BOM,Akasa Air,2026-09-09,2026-09-24,15,,,6880
DEL-BOM,Akasa Air,2026-09-09,2026-09-24,15,,,6880
DEL-BOM,Akasa Air,2026-09-09,2026-09-24,15,,,6880
DEL-BOM,Akasa Air,2026-09-09,2026-09-24,15,,,6880
DEL-BOM,Air India,2026-09-09,2026-09-24,15,,,6950
DEL-BOM,Air India,2026-09-09,2026-09-24,15,,,6950
DEL-BOM,Air India,2026-09-09,2026-09-24,15,,,6950
DEL-BOM,Air India,2026-09-09,2026-09-24,15,,,6950
DEL-BOM,Air India,2026-09-09,2026-09-24,15,,,6950
DEL-BOM,Air India,2026-09-09,2026-09-24,15,,,6950
DEL-BOM,IndiGo,2026-09-09,2026-09-24,15,,,7055
DEL-BOM,IndiGo,2026-09-09,2026-09-24,15,,,7055
DEL-BOM,Air India,2026-09-09,2026-09-24,15,,,7123
DEL-BOM,Air India,2026-09-09,2026-09-24,15,,,7181
DEL-BOM,Air India,2026-09-09,2026-09-24,15,,,7238
DEL-BOM,Air India,2026-09-09,2026-09-24,15,,,7349
DEL-BOM,SpiceJet,2026-09-09,2026-09-24,15,,,19603
DEL-BOM,SpiceJet,2026-09-09,2026-09-24,15,,,22551
DEL-BLR,IndiGo,2026-09-09,2026-09-10,1,,,8724
DEL-BLR,Air India,2026-09-09,2026-09-10,1,,,8883
DEL-BLR,Akasa Air,2026-09-09,2026-09-10,1,,,9179
DEL-BLR,IndiGo,2026-09-09,2026-09-10,1,,,8465
DEL-BLR,IndiGo,2026-09-09,2026-09-10,1,,,8724
DEL-BLR,IndiGo,2026-09-09,2026-09-10,1,,,8724
DEL-BLR,IndiGo,2026-09-09,2026-09-10,1,,,8724
DEL-BLR,Air India,2026-09-09,2026-09-10,1,,,8731
DEL-BLR,Air India,2026-09-09,2026-09-10,1,,,8883
DEL-BLR,Air India,2026-09-09,2026-09-10,1,,,8883
DEL-BLR,Air India,2026-09-09,2026-09-10,1,,,8883
DEL-BLR,Air India,2026-09-09,2026-09-10,1,,,8883
DEL-BLR,Air India,2026-09-09,2026-09-10,1,,,8883
DEL-BLR,Air India,2026-09-09,2026-09-10,1,,,8883
DEL-BLR,Air India,2026-09-09,2026-09-10,1,,,8883
DEL-BLR,Air India,2026-09-09,2026-09-10,1,,,8909
DEL-BLR,Akasa Air,2026-09-09,2026-09-10,1,,,9179
DEL-BLR,IndiGo,2026-09-09,2026-09-10,1,,,9181
DEL-BLR,IndiGo,2026-09-09,2026-09-10,1,,,9181
DEL-BLR,IndiGo,2026-09-09,2026-09-10,1,,,9181
DEL-BLR,IndiGo,2026-09-09,2026-09-10,1,,,9181
DEL-BLR,IndiGo,2026-09-09,2026-09-10,1,,,9181
DEL-BLR,IndiGo,2026-09-09,2026-09-10,1,,,9181
DEL-BLR,Air India,2026-09-09,2026-09-10,1,,,9340
DEL-BLR,Air India,2026-09-09,2026-09-10,1,,,9340
DEL-BLR,Air India,2026-09-09,2026-09-10,1,,,9340
DEL-BLR,Air India,2026-09-09,2026-09-10,1,,,9497
DEL-BLR,Akasa Air,2026-09-09,2026-09-10,1,,,9508
DEL-BLR,IndiGo,2026-09-09,2026-09-10,1,,,9666
DEL-BLR,IndiGo,2026-09-09,2026-09-10,1,,,9666
DEL-BLR,IndiGo,2026-09-09,2026-09-10,1,,,9666
DEL-BLR,Air India,2026-09-09,2026-09-10,1,,,9678
DEL-BLR,IndiGo,2026-09-09,2026-09-10,1,,,10180
DEL-BLR,Air India,2026-09-09,2026-09-10,1,,,10337
DEL-BLR,Air India,2026-09-09,2026-09-10,1,,,10337
DEL-BLR,Akasa Air,2026-09-09,2026-09-10,1,,,10392
DEL-BLR,IndiGo,2026-09-09,2026-09-10,1,,,10727
DEL-BLR,Akasa Air,2026-09-09,2026-09-10,1,,,10771
DEL-BLR,Air India,2026-09-09,2026-09-10,1,,,11466
DEL-BLR,IndiGo,2026-09-09,2026-09-10,1,,,11925
DEL-BLR,IndiGo,2026-09-09,2026-09-10,1,,,8724
DEL-BLR,Air India,2026-09-09,2026-09-10,1,,,8883
DEL-BLR,Akasa Air,2026-09-09,2026-09-10,1,,,9179
DEL-BLR,IndiGo,2026-09-09,2026-09-10,1,,,8465
DEL-BLR,IndiGo,2026-09-09,2026-09-10,1,,,8724
DEL-BLR,IndiGo,2026-09-09,2026-09-10,1,,,8724
DEL-BLR,IndiGo,2026-09-09,2026-09-10,1,,,8724
DEL-BLR,Air India,2026-09-09,2026-09-10,1,,,8731
DEL-BLR,Air India,2026-09-09,2026-09-10,1,,,8883
DEL-BLR,Air India,2026-09-09,2026-09-10,1,,,8883
DEL-BLR,Air India,2026-09-09,2026-09-10,1,,,8883
DEL-BLR,Air India,2026-09-09,2026-09-10,1,,,8883
DEL-BLR,Air India,2026-09-09,2026-09-10,1,,,8883
DEL-BLR,Air India,2026-09-09,2026-09-10,1,,,8883
DEL-BLR,Air India,2026-09-09,2026-09-10,1,,,8883
DEL-BLR,Air India,2026-09-09,2026-09-10,1,,,8909
DEL-BLR,Akasa Air,2026-09-09,2026-09-10,1,,,9179
DEL-BLR,IndiGo,2026-09-09,2026-09-10,1,,,9181
DEL-BLR,IndiGo,2026-09-09,2026-09-10,1,,,9181
DEL-BLR,IndiGo,2026-09-09,2026-09-10,1,,,9181
DEL-BLR,IndiGo,2026-09-09,2026-09-10,1,,,9181
DEL-BLR,IndiGo,2026-09-09,2026-09-10,1,,,9181
DEL-BLR,IndiGo,2026-09-09,2026-09-10,1,,,9181
DEL-BLR,Air India,2026-09-09,2026-09-10,1,,,9340
DEL-BLR,Air India,2026-09-09,2026-09-10,1,,,9340
DEL-BLR,Air India,2026-09-09,2026-09-10,1,,,9340
DEL-BLR,Air India,2026-09-09,2026-09-10,1,,,9497
DEL-BLR,Akasa Air,2026-09-09,2026-09-10,1,,,9508
DEL-BLR,IndiGo,2026-09-09,2026-09-10,1,,,9666
DEL-BLR,IndiGo,2026-09-09,2026-09-10,1,,,9666
DEL-BLR,IndiGo,2026-09-09,2026-09-10,1,,,9666
DEL-BLR,Air India,2026-09-09,2026-09-10,1,,,9678
DEL-BLR,IndiGo,2026-09-09,2026-09-10,1,,,10180
DEL-BLR,Air India,2026-09-09,2026-09-10,1,,,10337
DEL-BLR,Air India,2026-09-09,2026-09-10,1,,,10337
DEL-BLR,Akasa Air,2026-09-09,2026-09-10,1,,,10392
DEL-BLR,IndiGo,2026-09-09,2026-09-10,1,,,10727
DEL-BLR,Akasa Air,2026-09-09,2026-09-10,1,,,10771
DEL-BLR,Air India,2026-09-09,2026-09-10,1,,,11466
DEL-BLR,IndiGo,2026-09-09,2026-09-10,1,,,11925
DEL-BLR,IndiGo,2026-09-09,2026-09-24,15,,,8724
DEL-BLR,IndiGo,2026-09-09,2026-09-24,15,,,8724
DEL-BLR,IndiGo,2026-09-09,2026-09-24,15,,,8724
DEL-BLR,Air India,2026-09-09,2026-09-24,15,,,8883
DEL-BLR,IndiGo,2026-09-09,2026-09-24,15,,,8176
DEL-BLR,IndiGo,2026-09-09,2026-09-24,15,,,8724
DEL-BLR,IndiGo,2026-09-09,2026-09-24,15,,,8724
DEL-BLR,IndiGo,2026-09-09,2026-09-24,15,,,8724
DEL-BLR,IndiGo,2026-09-09,2026-09-24,15,,,8724
DEL-BLR,IndiGo,2026-09-09,2026-09-24,15,,,8724
DEL-BLR,Air India,2026-09-09,2026-09-24,15,,,8731
DEL-BLR,Air India,2026-09-09,2026-09-24,15,,,8883
DEL-BLR,Air India,2026-09-09,2026-09-24,15,,,8883
DEL-BLR,Air India,2026-09-09,2026-09-24,15,,,8883
DEL-BLR,Air India,2026-09-09,2026-09-24,15,,,8883
DEL-BLR,Air India,2026-09-09,2026-09-24,15,,,8883
DEL-BLR,Air India,2026-09-09,2026-09-24,15,,,8883
DEL-BLR,Air India,2026-09-09,2026-09-24,15,,,8883
DEL-BLR,Air India,2026-09-09,2026-09-24,15,,,8909
DEL-BLR,Air India,2026-09-09,2026-09-24,15,,,9119
DEL-BLR,Akasa Air,2026-09-09,2026-09-24,15,,,9179
DEL-BLR,Akasa Air,2026-09-09,2026-09-24,15,,,9179
DEL-BLR,Akasa Air,2026-09-09,2026-09-24,15,,,9179
DEL-BLR,Akasa Air,2026-09-09,2026-09-24,15,,,9179
DEL-BLR,IndiGo,2026-09-09,2026-09-24,15,,,9181
DEL-BLR,IndiGo,2026-09-09,2026-09-24,15,,,9181
DEL-BLR,IndiGo,2026-09-09,2026-09-24,15,,,9181
DEL-BLR,IndiGo,2026-09-09,2026-09-24,15,,,9181
DEL-BLR,IndiGo,2026-09-09,2026-09-24,15,,,9181
DEL-BLR,Air India,2026-09-09,2026-09-24,15,,,9340
DEL-BLR,Air India,2026-09-09,2026-09-24,15,,,9340
DEL-BLR,Air India,2026-09-09,2026-09-24,15,,,9340
DEL-BLR,Air India,2026-09-09,2026-09-24,15,,,9340
DEL-BLR,Air India,2026-09-09,2026-09-24,15,,,9340
DEL-BLR,Air India,2026-09-09,2026-09-24,15,,,9497
DEL-BLR,IndiGo,2026-09-09,2026-09-24,15,,,9666
DEL-BLR,IndiGo,2026-09-09,2026-09-24,15,,,9666
DEL-BLR,IndiGo,2026-09-09,2026-09-24,15,,,9666
DEL-BLR,Air India,2026-09-09,2026-09-24,15,,,9823
DEL-BLR,IndiGo,2026-09-09,2026-09-24,15,,,8724
DEL-BLR,IndiGo,2026-09-09,2026-09-24,15,,,8724
DEL-BLR,IndiGo,2026-09-09,2026-09-24,15,,,8724
DEL-BLR,Air India,2026-09-09,2026-09-24,15,,,8883
DEL-BLR,IndiGo,2026-09-09,2026-09-24,15,,,8176
DEL-BLR,IndiGo,2026-09-09,2026-09-24,15,,,8724
DEL-BLR,IndiGo,2026-09-09,2026-09-24,15,,,8724
DEL-BLR,IndiGo,2026-09-09,2026-09-24,15,,,8724
DEL-BLR,IndiGo,2026-09-09,2026-09-24,15,,,8724
DEL-BLR,IndiGo,2026-09-09,2026-09-24,15,,,8724
DEL-BLR,Air India,2026-09-09,2026-09-24,15,,,8731
DEL-BLR,Air India,2026-09-09,2026-09-24,15,,,8883
DEL-BLR,Air India,2026-09-09,2026-09-24,15,,,8883
DEL-BLR,Air India,2026-09-09,2026-09-24,15,,,8883
DEL-BLR,Air India,2026-09-09,2026-09-24,15,,,8883
DEL-BLR,Air India,2026-09-09,2026-09-24,15,,,8883
DEL-BLR,Air India,2026-09-09,2026-09-24,15,,,8883
DEL-BLR,Air India,2026-09-09,2026-09-24,15,,,8883
DEL-BLR,Air India,2026-09-09,2026-09-24,15,,,8909
DEL-BLR,Air India,2026-09-09,2026-09-24,15,,,9119
DEL-BLR,Akasa Air,2026-09-09,2026-09-24,15,,,9179
DEL-BLR,Akasa Air,2026-09-09,2026-09-24,15,,,9179
DEL-BLR,Akasa Air,2026-09-09,2026-09-24,15,,,9179
DEL-BLR,Akasa Air,2026-09-09,2026-09-24,15,,,9179
DEL-BLR,IndiGo,2026-09-09,2026-09-24,15,,,9181
DEL-BLR,IndiGo,2026-09-09,2026-09-24,15,,,9181
DEL-BLR,IndiGo,2026-09-09,2026-09-24,15,,,9181
DEL-BLR,IndiGo,2026-09-09,2026-09-24,15,,,9181
DEL-BLR,IndiGo,2026-09-09,2026-09-24,15,,,9181
DEL-BLR,Air India,2026-09-09,2026-09-24,15,,,9340
DEL-BLR,Air India,2026-09-09,2026-09-24,15,,,9340
DEL-BLR,Air India,2026-09-09,2026-09-24,15,,,9340
DEL-BLR,Air India,2026-09-09,2026-09-24,15,,,9340
DEL-BLR,Air India,2026-09-09,2026-09-24,15,,,9340
DEL-BLR,Air India,2026-09-09,2026-09-24,15,,,9497
DEL-BLR,IndiGo,2026-09-09,2026-09-24,15,,,9666
DEL-BLR,IndiGo,2026-09-09,2026-09-24,15,,,9666
DEL-BLR,IndiGo,2026-09-09,2026-09-24,15,,,9666
DEL-BLR,Air India,2026-09-09,2026-09-24,15,,,9823
